Company Name,Website,CEO Name,CEO Email,Company Revenue,Company Employee Count,Company Founding Year,Target Industries,Target Company Size,Target Geography,Client Examples,Service Focus,Ranking,Reasoning
Digital Crazy Hub,https://digitalcrazyhub.com/,,wadewilson2802@gmail.com,,,,,,,,,2,"Bizzzup and Digital Crazy Hub have limited overlapping areas for a strong, mutually beneficial collaboration. Bizzzup focuses on developing agent-based solutions, primarily using Google ADK, for tasks like RAG, voice assistance, and automation, targeting developers, researchers, and businesses.  Digital Crazy Hub's information is not provided, so a thorough comparison is not possible. Without knowing Digital Crazy Hub's business focus, target market, or technical capabilities, it is difficult to evaluate potential synergies, resource compatibility, or technical integration feasibility.  While there might be some potential if Digital Crazy Hub works with similar technologies or caters to related markets, the lack of information greatly limits the ability to identify strong collaborative opportunities and increases the risk of misalignment. Therefore, the ranking is low, reflecting the significant uncertainty about whether the two companies' offerings and strategic goals align."
Weboin,https://weboin.com/,Saravanan Kumar,vickyveera28032001@gmail.com,,"['Less than 10 [3]', '50-99 [7]']","['2013 [1]', '2016 [3]', '2017 [2]', '2021 [6]']",,,,,,4,"Bizzzup and Weboin exhibit limited potential for collaboration due to a lack of information regarding Weboin's specific business activities. While Bizzzup focuses on developing agent-based solutions for automation and workflow optimization, Weboin's target industries, service focus, and client examples remain unknown. This makes it difficult to assess market overlap, complementary offerings, and joint opportunities.

**Potential Synergies:**

* **If Weboin operates within industries that could benefit from automation (e.g., marketing, sales, customer service),** Bizzzup's agentic framework could provide value by streamlining processes and increasing efficiency.
* **If Weboin offers services that complement Bizzzup's existing agent portfolio (e.g., data analytics, content creation),** there might be opportunities for joint product development or integrated solutions.

**Potential Challenges:**

* **Lack of information on Weboin** creates significant uncertainty regarding strategic fit, collaboration potential, and risk assessment.
* **Potential competitive conflicts** may exist if both companies operate in the same market segment and offer overlapping services.
* **Technical integration feasibility and resource compatibility** cannot be assessed without understanding Weboin's technology stack and operational capabilities.

**Further investigation is required to determine Weboin's business focus and services. This information is essential for accurately assessing the collaboration potential between Bizzzup and Weboin.**  Considering Weboin's small size (between 3 and 99 employees), a partnership could be beneficial for both parties provided their business activities align and offer synergistic opportunities. However, without more information on Weboin, a conservative ranking of 4 is justified."
