Company Name,Email,CEO Name,Subject,1st Email Sent,2nd Email Sent,3rd Email Sent
Digital Crazy Hub,wadewilson2802@gmail.com,nan,Boosting Digital Crazy Hub's Reach with AI-Powered Email Solutions,2025-08-11 12:35:21,,
Weboin,vickyveera28032001@gmail.com,Saravanan Kumar,Boosting Weboin's Reach with AI-Powered Email Solutions,2025-08-11 12:35:36,,
Digital Crazy Hub,wadewilson2802@gmail.com,nan,Boosting Digital Crazy Hub's Reach with AI-Powered Email Solutions,2025-08-11 12:49:38,,
Weboin,vickyveera28032001@gmail.com,Saravanan Kumar,AI-Powered Solutions for Weboin,2025-08-11 12:49:52,,
