Company Name,Website,CEO Name,CEO Email,Company Revenue,Company Employee Count,Company Founding Year,Target Industries,Target Company Size,Target Geography,Client Examples,Service Focus,Ranking,Reasoning
Pixelbrand,https://www.googleadservices.com/pagead/aclk?sa=L&ai=DChcSEwjw05jtuq-OAxXwpWYCHVYlCCEYABAAGgJzbQ&co=1&gclid=CjwKCAjwprjDBhBTEiwA1m1d0h_CulLNqD2fRXltgbla_BUJa8MhQpPqyD-7SIiK-lzRCNkrZYvWaxoCnpAQAvD_BwE&ohost=www.google.com&cid=CAESV-D27cdVCbywrmknaaLTSFMjOlqv1eEWlTlPyryFqBzNosx_J_2qsP-USJgYrXgmgSdpNzTbyFZQGdpdkVuyckfjy393rhoZYv-2gm4CyK2TPzjedPYmhA&category=acrcp_v1_40&sig=AOD64_1rRAEI0nwh_jaZWWY0EDNiJ7V-sA&q=&ctype=99&ved=2ahUKEwi2mJPtuq-OAxW_zDgGHfqTBZ0QhKwBegQIHhAL&adurl=,,,,,,[],[],"['Chennai, India', 'Sydney, Australia', 'USA', 'Vogtland']","[{'name': 'CarLoanWorld', 'website': None}, {'name': 'CreditCard.com.au', 'website': None}, {'name': 'BondiWear', 'website': None}, {'name': 'Accommodation.com', 'website': None}, {'name': 'Dtrade.com', 'website': None}]","['brand consultations', 'marketing strategies', 'online marketing solutions', 'performance marketing services', 'brand building', 'logo design']",7,"Bizzzup and Pixelbrand demonstrate strong potential for a fruitful collaboration, stemming from highly complementary service offerings and overlapping target markets.  Pixelbrand's expertise in brand building, marketing strategies, and online marketing solutions perfectly complements Bizzzup's cutting-edge agentic framework, which automates and enhances various marketing and business processes. This synergy allows both companies to offer clients a comprehensive suite of services, from initial brand consulting and strategy development to automated content creation, lead generation, and performance marketing, driving significant value and efficiency.  The geographical alignment, particularly in Australia and the USA, further strengthens the collaboration potential, enabling joint market penetration and expansion. While the difference in company size might present some integration challenges, Bizzzup's adaptable platform and Pixelbrand's established client base create an opportunity for mutually beneficial growth. The primary risk lies in potential operational differences between a technology-focused company like Bizzzup and a design and marketing-oriented agency like Pixelbrand. However, careful planning and communication can mitigate these risks and unlock substantial synergistic value."
BLeap Digital,https://bleapdigital.com/,Neeraj Moorjani,vickyveera2802@gmail.com,,"['38 [1]', 'Under 49 [8]', 'around 28 full-time leapsters in the Chennai office, and another five in other business development locations [5]']","['2016 [1, 3, 8, 12]', '2018 [6]', '13 Mar 2024 [10, 11]']",,,,,,4,"Bizzzup and BLeap Digital present a mixed bag of potential synergies and challenges. Bizzzup's focus on agentic frameworks for automation and intelligent solutions aligns somewhat with BLeap Digital's digital marketing services, particularly in areas like content creation and lead generation.  There's potential for joint ventures where Bizzzup's technology enhances BLeap Digital's service offerings. However, the limited information available on BLeap Digital's revenue, target industries, and company size makes a definitive assessment difficult.  Additionally, potential competitive conflicts, especially if BLeap Digital develops its own automation tools, and the geographical distance between Chennai and Bizzzup (location unspecified) could pose challenges. More information about both companies is needed for a more thorough analysis."
Digital Crazy Hub,https://digitalcrazyhub.com/,,wadewilson2802@gmail.com,,,,['Digital marketing'],['Not specified'],"['Chennai, India']",[],"['Social Media Marketing', 'SEM services', 'SEO services', 'Website design', 'Web development']",7,"Bizzzup and Digital Crazy Hub exhibit strong potential for a fruitful collaboration, primarily due to their complementary service offerings and shared target market.  Bizzzup's focus on cutting-edge agentic frameworks, including solutions for RAG, voice assistance, and Notion MCP integration, aligns well with Digital Crazy Hub's expertise in digital marketing services like social media marketing, SEM, SEO, web design, and development. This synergy allows both companies to expand their service portfolios and offer clients comprehensive solutions.  Both companies cater to businesses seeking to enhance their online presence, creating a significant market overlap and facilitating joint marketing efforts.  While the lack of specific information regarding Digital Crazy Hub's size and revenue presents a slight challenge in fully assessing strategic fit, their Chennai, India location could potentially open new geographical markets for Bizzzup and offer localized expertise for Digital Crazy Hub.  The collaboration could involve joint projects where Digital Crazy Hub utilizes Bizzzup's agentic framework to automate and enhance its digital marketing campaigns.  Furthermore, knowledge sharing in areas like AI, automation, and digital marketing strategies can benefit both companies.  Potential risks include competition in certain service areas and the need for seamless technical integration between their platforms. However, these risks are manageable through clear communication and collaborative project planning.  Overall, the collaboration presents a significant opportunity for both Bizzzup and Digital Crazy Hub to leverage each other's strengths and achieve mutual growth in the digital market."
Weboin,https://weboin.com/,Saravanan Kumar,vickyveera2802@gmail.com,<₹1 cr,"['50-99 [6]', '<10 [5]']","['2013 [1]', '2017 [2]', '2016 [5]', '2021 [9, 10]']",,,,,,4,"Bizzzup and Weboin show some potential for collaboration, but significant challenges exist that limit the likelihood of a highly successful partnership. 

**Potential Synergies:**

* **Complementary Services:** Bizzzup's focus on agentic frameworks and automation could complement Weboin's services, potentially enhancing their offerings or creating new joint solutions.  Specifically, Bizzzup's lead scraping agent and social media automation tools could be valuable additions to Weboin's portfolio.
* **Technical Integration:**  There's potential for integrating Bizzzup's agents with Weboin's existing platforms or services, streamlining processes and potentially improving efficiency.

**Challenges:**

* **Limited Information:** The lack of detailed information about Weboin's specific target industries and service focus makes it difficult to accurately assess the degree of market overlap and synergy. Without a clear understanding of Weboin's existing client base and revenue model, it's difficult to gauge the potential value of the partnership. 
* **Company Size and Stage:** Weboin's small size (50-99 employees or less) and relatively low revenue (<₹1 cr) may limit its ability to invest in a significant partnership or fully leverage Bizzzup's offerings.  Their resources and market reach might not be sufficient to fully capitalize on the potential synergies.
* **Unclear Strategic Alignment:**  The lack of information on Weboin's target geography and growth strategy makes it difficult to determine the long-term strategic fit. If their target market or expansion plans don't align with Bizzzup's, the partnership might not yield significant long-term benefits.
* **Risk of Resource Conflicts:** While joint opportunities exist, the limited information available about Weboin's current resources and technical capabilities makes it hard to ascertain whether the collaboration would strain either company's resources or create operational friction.

**Overall:** While the potential for integrating automation tools and expanding service offerings exists, the lack of key information about Weboin's business and strategic direction introduces significant uncertainty.  A deeper understanding of Weboin's operations and goals is crucial for a more accurate assessment of the collaboration potential.  Therefore, a moderate ranking of 4 is assigned, reflecting the existing uncertainties and the need for further investigation."
Michtam Tecno Solution,https://michtamtecno.com/,,,,,2022,,,,,,6,"Bizzzup and Michtam Tecno Solution exhibit promising collaboration potential, primarily due to complementary service offerings and overlapping target markets within the technology sector. Bizzzup's focus on cutting-edge agentic frameworks, including solutions for RAG, voice assistance, and automation, aligns well with Michtam's expertise in software development and technology solutions. Both companies likely serve similar client profiles seeking to improve efficiency and automation.  However, the lack of specific information about Michtam, such as its target company size, revenue, and geographical presence, introduces some uncertainty.  While potential synergies are evident, a thorough assessment of market overlap, resource compatibility, and any competitive conflicts is crucial for a successful partnership.  Therefore, a ranking of 6 reflects the potential benefits alongside the need for more detailed information to fully gauge compatibility and mitigate potential risks."
